epoch,train_accuracy,val_accuracy,train_loss,val_loss,train_f1,val_f1
1,0.6001908183097839,0.690115749835968,0.6936318822944437,0.6931471824645996,0.22779211401939392,0.0
2,0.660496175289154,0.690115749835968,0.6931472244608493,0.6931471824645996,0.059227921068668365,0.0
3,0.665839672088623,0.690115749835968,0.693147184239089,0.6931471824645996,0.015739180147647858,0.0
4,0.6669847369194031,0.690115749835968,0.6931471947950262,0.6931471824645996,0.006829823367297649,0.0
5,0.6673663854598999,0.690115749835968,0.6931471812816067,0.6931471824645996,0.0034305318258702755,0.0
